<?xml version="1.0" encoding="UTF-8" ?>
<!DOCTYPE log4j:configuration SYSTEM "log4j.dtd">

<log4j:configuration xmlns:log4j="http://jakarta.apache.org/log4j/">

	<appender name="A1" class="org.apache.log4j.FileAppender">
		<layout class="org.apache.log4j.PatternLayout">
			<param name="ConversionPattern" value="%-5p [%t] - %m%n" />
		</layout>
		<param name="Threshold" value="INFO" />
		<param name="Append" value="true" />
		<param name="File" value="${jboss.server.log.dir}/portletepad-log4j.log" />
	</appender>
	
	<appender name="stdout" class="org.apache.log4j.ConsoleAppender">
		<layout class="org.apache.log4j.PatternLayout">
			<param name="ConversionPattern" value="[%C{1}] %m%n" />
		</layout>
	</appender>

	<category name="org.webepad">
		<priority value="INFO" />
	</category>

	<category name="org.webepad.beans.SessionBean">
		<priority value="DEBUG" />
	</category>

	<root>
		<priority value="INFO" />
		<appender-ref ref="A1" />
		<appender-ref ref="stdout" />
	</root>

</log4j:configuration>