<?xml version="1.0"?>
<!DOCTYPE hibernate-mapping PUBLIC "-//Hibernate/Hibernate Mapping DTD 3.0//EN"
"http://hibernate.sourceforge.net/hibernate-mapping-3.0.dtd">
<!-- Generated May 7, 2012 8:38:55 PM by Hibernate Tools 3.4.0.CR1 -->
<hibernate-mapping>
    <class name="org.webepad.model.AttributePool" table="AttributePool" lazy="false">
		<id name="id" type="java.lang.Long">
			<column name="ID" />
			<generator class="identity" />
		</id>
        <one-to-one name="changeset" class="org.webepad.model.Changeset"></one-to-one>
        <map name="attributeMap" table="AttributeItem" lazy="true" access="field">
        	<key column="attribPoolId"/>
            <map-key column="number" type="java.lang.Integer"></map-key>
            <one-to-many class="org.webepad.model.AttributeItem" />
        </map>
    </class>
</hibernate-mapping>
