<?xml version="1.0"?>
<!DOCTYPE hibernate-mapping PUBLIC "-//Hibernate/Hibernate Mapping DTD 3.0//EN"
"http://hibernate.sourceforge.net/hibernate-mapping-3.0.dtd">
<!-- Generated May 7, 2012 9:29:11 PM by Hibernate Tools 3.4.0.CR1 -->
<hibernate-mapping>
    <class name="org.webepad.model.Changeset" table="Changeset" lazy="true">
		<id name="id" type="java.lang.Long">
			<column name="id" />
			<generator class="identity" />
		</id>
        <property name="rule" type="java.lang.String">
            <column name="rule" />
        </property>
        <property name="charbank" type="java.lang.String">
            <column name="charbank" />
        </property>
        <property name="number" type="int">
            <column name="number" />
        </property>
        <property name="created" type="java.util.Date">
            <column name="created" />
        </property>
        <many-to-one name="pad" class="org.webepad.model.Pad" fetch="join">
            <column name="padId" />
        </many-to-one>
        <many-to-one name="author" class="org.webepad.model.User" fetch="join">
            <column name="authorId" />
        </many-to-one>
        <one-to-one name="attributePool" class="org.webepad.model.AttributePool"></one-to-one>
    </class>
</hibernate-mapping>
