<?xml version="1.0"?>
<!DOCTYPE hibernate-mapping PUBLIC "-//Hibernate/Hibernate Mapping DTD 3.0//EN"
"http://hibernate.sourceforge.net/hibernate-mapping-3.0.dtd">
<!-- Generated May 7, 2012 9:29:11 PM by Hibernate Tools 3.4.0.CR1 -->
<hibernate-mapping>
    <class name="org.webepad.model.Session" table="Session" lazy="false">
		<id name="id" type="java.lang.Long">
			<column name="id" />
			<generator class="identity" />
		</id>
        <property name="colorCode" type="java.lang.String">
            <column name="color" />
        </property>
        <property name="created" type="java.util.Date">
            <column name="created" />
        </property>
        <property name="lastSeen" type="java.util.Date">
            <column name="lastSeen" />
        </property>
        <many-to-one name="pad" class="org.webepad.model.Pad" fetch="join">
            <column name="padId" />
        </many-to-one>
        <many-to-one name="user" class="org.webepad.model.User" fetch="join">
            <column name="userId" />
        </many-to-one>
    </class>
</hibernate-mapping>
