<?xml version="1.0"?>
<!DOCTYPE hibernate-mapping PUBLIC "-//Hibernate/Hibernate Mapping DTD 3.0//EN"
"http://hibernate.sourceforge.net/hibernate-mapping-3.0.dtd">
<!-- Generated May 7, 2012 9:29:11 PM by Hibernate Tools 3.4.0.CR1 -->
<hibernate-mapping>
    <class name="org.webepad.model.User" table="User" lazy="false">
		<id name="id" type="java.lang.Long">
			<column name="id" />
			<generator class="identity" />
		</id>
        <property name="externId" type="java.lang.String" insert="false" update="false">
            <column name="externId" />
        </property>
		<property name="name" type="java.lang.String">
			<column name="name" />
		</property>
        <map name="padSessions" table="Session" lazy="true" access="field">
			<key column="userId" />
            <map-key column="padId" type="java.lang.Long"></map-key>
            <one-to-many class="org.webepad.model.Session" />
        </map>
    </class>
</hibernate-mapping>
